{
    "$schema": "http://schema.management.azure.com/schemas/2014-04-01-preview/deploymentTemplate.json#",
    "contentVersion": "1.0.0.0",
    "parameters": {
        "funcname": {
            "type": "string",
            "metadata": {
                "description": "Name of the azure fuction that hosts the code. Must be globally unique"
              },
            "defaultValue": ""
        },
        "storageName": {
            "type": "string",
            "metadata": {
                "description": "Name of the storage account that hosts the function. Must be globally unique"
              },
            "defaultValue": ""
        },
        "zipFileBlobUri": {
          "type": "string",
          "metadata": {
            "description": "The Uri to the uploaded function zip file"
          },
          "defaultValue": "https://github.com/Azure/azure-custom-providers/blob/master/SampleFunctions/CSharpSimpleProvider/Artifacts/functionZip/functionpackage.zip?raw=true"
        }
    },
    "variables": {
        "location": "eastus",
        "customrpApiversion" : "2018-09-01-preview"
    },
    "resources": [
        {
            "type": "Microsoft.Web/sites",
            "kind": "functionapp",
            "name": "[parameters('funcname')]",
            "apiVersion": "2018-02-01",
            "location": "East US",
            "dependsOn": [
                "[resourceId('Microsoft.Storage/storageAccounts', parameters('storageName'))]"
            ],
            "identity": {
                "type": "SystemAssigned"
            },
            "properties": {
                "name": "[parameters('funcname')]",
                "siteConfig": {
                    "appSettings": [
                        {
                            "name": "AzureWebJobsDashboard",
                            "value": "[concat('DefaultEndpointsProtocol=https;AccountName=',parameters('storageName'),';AccountKey=',listKeys(resourceId('Microsoft.Storage/storageAccounts', parameters('storageName')), '2015-05-01-preview').key1)]"
                        },
                        {
                            "name": "AzureWebJobsStorage",
                            "value": "[concat('DefaultEndpointsProtocol=https;AccountName=',parameters('storageName'),';AccountKey=',listKeys(resourceId('Microsoft.Storage/storageAccounts', parameters('storageName')), '2015-05-01-preview').key1)]"
                        },
                        {
                            "name": "FUNCTIONS_EXTENSION_VERSION",
                            "value": "~2"
                        },
                        {
                            "name": "WEBSITE_CONTENTAZUREFILECONNECTIONSTRING",
                            "value": "[concat('DefaultEndpointsProtocol=https;AccountName=',parameters('storageName'),';AccountKey=',listKeys(resourceId('Microsoft.Storage/storageAccounts', parameters('storageName')), '2015-05-01-preview').key1)]"
                        },
                        {
                            "name": "WEBSITE_CONTENTSHARE",
                            "value": "[concat(toLower(parameters('funcname')), 'b86e')]"
                        },
                        {
                            "name": "WEBSITE_NODE_DEFAULT_VERSION",
                            "value": "6.5.0"
                        },
                        {
                            "name":"WEBSITE_RUN_FROM_PACKAGE",
                            "value":"[parameters('zipFileBlobUri')]"
                        }
                    ]
                },
                "clientAffinityEnabled": false,
                "reserved": false
            }
        },
        {
            "type": "Microsoft.Storage/storageAccounts",
            "name": "[parameters('storageName')]",
            "apiVersion": "2018-02-01",
            "kind": "StorageV2",
            "location": "[variables('location')]",
            "sku": {
                "name": "Standard_LRS"
            }
        },
        {
            "apiVersion": "[variables('customrpApiversion')]",
            "type": "Microsoft.CustomProviders/resourceProviders",
            "name":"public",
            "location":"[variables('location')]",
            "properties" :{
                                "actions": [
                                {
                                    "name": "ping",
                                    "routingType":"Proxy",
                                    "endpoint": "[concat('https://', parameters('funcname'), '.azurewebsites.net/api/{requestPath}')]"
                                }
                            ],
                            "resourceTypes": [
                                {
                                    "name":"users",
                                    "routingType":"Proxy,Cache",
                                    "endpoint": "[concat('https://', parameters('funcname'), '.azurewebsites.net/api/{requestPath}')]"
                                }
                            ]
                        },
            "dependsOn": [
                "[concat('Microsoft.Web/sites/',parameters('funcname'))]"
            ]
        },
        {
            "type": "Microsoft.CustomProviders/resourceProviders/users",
            "name": "[concat(parameters('funcname'), '/santa')]",
            "apiVersion": "2018-09-01-preview",
            "location": "eastus",
            "properties": {
                "FullName": "Santa Claus",
                "Location": "NorthPole"
            },
            "dependsOn": [
                "[concat('Microsoft.CustomProviders/resourceProviders/',parameters('funcname'))]"
            ]
        }
    ],
    "outputs": {
        "principalId": {
            "type": "string",
            "value": "[reference(concat('Microsoft.Web/sites/', parameters('funcname')), '2018-02-01', 'Full').identity.principalId]"
        }
    }
}
