{
    "$schema": "https://schema.management.azure.com/schemas/2015-01-01/deploymentTemplate.json#",
    "contentVersion": "1.0.0.0",
    "parameters": {
        "location": {
            "type": "string",
            "defaultValue": "[resourceGroup().location]"
        },
        "storageAccountType": {
            "type": "string",
            "defaultValue": "Standard_LRS"
        },
        "storageAccountName": {
            "type": "string",
            "metadata": {
                "description": "Storage account name for the Hello World managed application"
              }
        }
    },
    "variables": {
        "storageAccountId":  "[resourceId('Microsoft.Storage/storageAccounts', parameters('storageAccountName'))]"
    },
    "resources": [

    ],
    "outputs": {
        "storageEndpoint": {
            "type": "string",
            "value": "[reference(variables('storageAccountId'), '2019-04-01').primaryEndpoints.blob]"
        },
        "storageAccountId":{
            "type": "string",
            "value": "[variables('storageAccountId')]"
        }
    }
}